{
  "center_x": 39.646666355312796,
  "center_y": 27.884407695769927,
  "animal_coords": {
    "animal_coords_1": {
      "x": 39.64988009160341,
      "y": 27.880442462921096,
      "name": "Hayvan1",
      "temperature": 17,
      "distance_metre": 492.9050116439956
    },
    "animal_coords_2": {
      "x": 39.649996204125024,
      "y": 27.88733037567134,
      "name": "Hayvan2",
      "temperature": 19,
      "distance_metre": 446.8895458996258
    },
    "animal_coords_3": {
      "x": 39.646429801266116,
      "y": 27.879326663970893,
      "name": "Hayvan3",
      "temperature": 21,
      "distance_metre": 435.8301422961493
    },
    "animal_coords_4": {
      "x": 39.646462977961086,
      "y": 27.88859637832636,
      "name": "Hayvan4",
      "temperature": 23,
      "distance_metre": 359.3453412085037
    },
    "animal_coords_5": {
      "x": 39.643145229039234,
      "y": 27.882995925903263,
      "name": "Hayvan5",
      "temperature": 25,
      "distance_metre": 409.7661584029697
    }
  },
  "camera_coords": [
    [39.64506635686046, 27.886407695769886],
    [39.6490663529913, 27.886407695769886],
    [39.6490663529913, 27.881407695769987],
    [39.64506635686046, 27.881407695769987]
  ]
}
