{"center_x": 39.647014707304656, "center_y": 27.88412874603257, "animal_coords": {"animal_coords_1": {"x": 39.64558379012293, "y": 27.878876052856395, "name": "Hayvan1", "temperature": 17, "distance_metre": 477.05101058287215}, "animal_coords_2": {"x": 39.64326135296115, "y": 27.8830388412475, "name": "Hayvan2", "temperature": 19, "distance_metre": 427.6596499212023}, "animal_coords_3": {"x": 39.65046065224581, "y": 27.881708465576114, "name": "Hayvan3", "temperature": 21, "distance_metre": 435.61365882798407}, "animal_coords_4": {"x": 39.646180975542364, "y": 27.88848908996578, "name": "Hayvan4", "temperature": 23, "distance_metre": 384.66888114459914}, "animal_coords_5": {"x": 39.650427477484335, "y": 27.88492711639399, "name": "Hayvan5", "temperature": 25, "distance_metre": 385.58968697169576}}, "camera_coords": [[39.645414716977506, 27.88612874603251], [39.64941469279538, 27.88612874603251], [39.64941469279538, 27.881128746032665], [39.645414716977506, 27.881128746032665]]}