{
  "center_x": 39.64766164533473,
  "center_y": 27.941506561278793,
  "animal_coords": {
    "animal_coords_1": {
      "x": 39.64067340179698,
      "y": 27.878403984069767,
      "name": "Hayvan1",
      "temperature": 17,
      "distance_metre": 5458.5923327737855
    },
    "animal_coords_2": {
      "x": 39.655867923895,
      "y": 27.887544952392524,
      "name": "Hayvan2",
      "temperature": 19,
      "distance_metre": 4709.075062212346
    },
    "animal_coords_3": {
      "x": 39.64684450880003,
      "y": 27.899732910156207,
      "name": "Hayvan3",
      "temperature": 21,
      "distance_metre": 3577.758767427582
    },
    "animal_coords_4": {
      "x": 39.6526501510256,
      "y": 27.873769126892036,
      "name": "Hayvan4",
      "temperature": 23,
      "distance_metre": 5825.813490411682
    },
    "animal_coords_5": {
      "x": 39.64949857764847,
      "y": 27.86874803161617,
      "name": "Hayvan5",
      "temperature": 25,
      "distance_metre": 6232.717343500218
    }
  },
  "camera_coords": [
    [39.646061670097346, 27.943506561278884],
    [39.65006160819081, 27.943506561278884],
    [39.65006160819081, 27.938506561278654],
    [39.646061670097346, 27.938506561278654]
  ]
}
