{
    "center_x": 39.65099576793465,
    "center_y": 27.88177376651571,
    "animal_coords": {
        "animal_coords_1": {
            "x": 39.65404343203851,
            "y": 27.885184608459433,
            "name": "Hayvan1",
            "temperature": 17,
            "distance_metre": 447.33932175781393
        },
        "animal_coords_2": {
            "x": 39.65404343203851,
            "y": 27.883982978820757,
            "name": "Hayvan2",
            "temperature": 19,
            "distance_metre": 388.09162596741123
        },
        "animal_coords_3": {
            "x": 39.65328044832323,
            "y": 27.884154640197703,
            "name": "Hayvan3",
            "temperature": 21,
            "distance_metre": 325.7094241293224
        },
        "animal_coords_4": {
            "x": 39.65543668474592,
            "y": 27.883339248657183,
            "name": "Hayvan4",
            "temperature": 23,
            "distance_metre": 511.67169073493125
        },
        "animal_coords_5": {
            "x": 39.65394391290485,
            "y": 27.883124671936,
            "name": "Hayvan5",
            "temperature": 25,
            "distance_metre": 347.6219096835017
        }
    },
    "camera_coords": [
        [
            39.649395870468396,
            27.883773766515564
        ],
        [
            39.653395614134034,
            27.883773766515564
        ],
        [
            39.653395614134034,
            27.878773766515923
        ],
        [
            39.649395870468396,
            27.878773766515923
        ]
    ]
}