{
  "center_x": 39.64679906073873,
  "center_y": 27.88666075134214,
  "hayvan_konumları": [
    [39.64389173653612, 27.876558624267542],
    [39.64800567655714, 27.875614486694285],
    [39.65225206553725, 27.878661476135214],
    [39.6518871518098, 27.88488420104975],
    [39.64840378669188, 27.892008148193312]
  ],
  "kamera_koseleri": [
    [39.64519906538176, 27.88866075134217],
    [39.649199053774176, 27.88866075134217],
    [39.649199053774176, 27.88366075134209],
    [39.64519906538176, 27.88366075134209]
  ],
  "hayvan_uzaklıgı": [
    923.3939026937421, 955.2340308062062, 914.7108439897848, 585.8586842779583, 1014.142135623731
  ]
}
