{
  "center_x": 39.64925407881085,
  "center_y": 27.885201629638555,
  "marker_coords": [
    [39.64651274297348, 27.87158044433589],
    [39.65460737106801, 27.871752105712837],
    [39.65540351239138, 27.893038116455042],
    [39.6458492065067, 27.901192031860305],
    [39.65891969267638, 27.8774169311523]
  ],
  "rectangle_data": [
    [39.647654140717556, 27.887201629638504],
    [39.651653985950794, 27.887201629638504],
    [39.651653985950794, 27.882201629638633],
    [39.647654140717556, 27.882201629638633],
    [39.647654140717556, 27.887201629638504]
  ],
  "distance_metre": [
    1205.396013831807, 1296.2161173337847, 957.9511377019357,
    1420.4567437934384, 1264.626355176639
  ],
  "distance_kus": [
    0.013894301393836767, 0.014475753238400488, 0.009961227785084938,
    0.01634888738174161, 0.01241070593960729
  ]
}
