{
    "center_x": 39.64983251651109,
    "center_y": 27.906337986737377,
    "animal_coords": {
        "animal_coords_1": {
            "x": 39.65326753772179,
            "y": 27.880625719676356,
            "name": "Hayvan1",
            "temperature": 17,
            "distance_metre": 2234.2050792950204
        },
        "animal_coords_2": {
            "x": 39.65340202062886,
            "y": 27.88797764180384,
            "name": "Hayvan2",
            "temperature": 19,
            "distance_metre": 1621.2260737016582
        },
        "animal_coords_3": {
            "x": 39.650448591571,
            "y": 27.892115719367226,
            "name": "Hayvan3",
            "temperature": 21,
            "distance_metre": 1219.5664017875113
        },
        "animal_coords_4": {
            "x": 39.65104920389273,
            "y": 27.872252945203936,
            "name": "Hayvan4",
            "temperature": 23,
            "distance_metre": 2921.3160624947723
        },
        "animal_coords_5": {
            "x": 39.64559052400713,
            "y": 27.87185270468135,
            "name": "Hayvan5",
            "temperature": 25,
            "distance_metre": 2990.004682991373
        },
        "animal_coords_6": {
            "x": 39.64173638843522,
            "y": 27.8745971894123,
            "name": "Hayvan6",
            "temperature": 27,
            "distance_metre": 2862.8898884175287
        },
        "animal_coords_7": {
            "x": 39.63873611606309,
            "y": 27.878359342440216,
            "name": "Hayvan7",
            "temperature": 29,
            "distance_metre": 2694.681042429788
        },
        "animal_coords_8": {
            "x": 39.638497945413924,
            "y": 27.886045269873247,
            "name": "Hayvan8",
            "temperature": 31,
            "distance_metre": 2146.4915970274988
        },
        "animal_coords_9": {
            "x": 39.63982905061322,
            "y": 27.893979304093154,
            "name": "Hayvan9",
            "temperature": 33,
            "distance_metre": 1535.257169365382
        },
        "animal_coords_10": {
            "x": 39.64174223634177,
            "y": 27.898430312283978,
            "name": "Hayvan10",
            "temperature": 35,
            "distance_metre": 1125.9154681986693
        },
        "animal_coords_11": {
            "x": 39.6466403439182,
            "y": 27.90129648345572,
            "name": "Hayvan11",
            "temperature": 37,
            "distance_metre": 558.843109091937
        }
    },
    "camera_coords": [
        [
            39.64823259191038,
            27.90833798673738
        ],
        [
            39.65223240341214,
            27.90833798673738
        ],
        [
            39.65223240341214,
            27.90333798673738
        ],
        [
            39.64823259191038,
            27.90333798673738
        ],
        [
            39.64823259191038,
            27.90833798673738
        ]
    ]
}