{
    "center_x": 39.64442690119374,
    "center_y": 27.879772838591286,
    "animal_coords": {
        "animal_coords_1": {
            "x": 39.6518871518098,
            "y": 27.882874331991374,
            "name": "Hayvan1",
            "temperature": 17,
            "distance_metre": 546.0602426712755
        },
        "animal_coords_2": {
            "x": 39.64667862608731,
            "y": 27.877338252584646,
            "name": "Hayvan2",
            "temperature": 19,
            "distance_metre": 528.7727297829935
        },
        "animal_coords_3": {
            "x": 39.64701039111161,
            "y": 27.89072783998698,
            "name": "Hayvan3",
            "temperature": 21,
            "distance_metre": 618.8414123197006
        },
        "animal_coords_4": {
            "x": 39.64223281995649,
            "y": 27.88441928438394,
            "name": "Hayvan4",
            "temperature": 23,
            "distance_metre": 535.8981480994502
        },
        "animal_coords_5": {
            "x": 39.643029104920785,
            "y": 27.879140697042633,
            "name": "Hayvan5",
            "temperature": 25,
            "distance_metre": 578.1660748636681
        }
    },
    "camera_coords": [
        [
            39.64282685050843,
            27.881772838591235
        ],
        [
            39.64682697722173,
            27.881772838591235
        ],
        [
            39.64682697722173,
            27.876772838591364
        ],
        [
            39.64282685050843,
            27.876772838591364
        ],
        [
            39.64282685050843,
            27.881772838591235
        ]
    ]
}