{
    "center_x": 39.650846477243554,
    "center_y": 27.87627523803652,
    "animal_coords": {
        "animal_coords_1": {
            "x": 39.6526501510256,
            "y": 27.88643630556314,
            "name": "Hayvan1",
            "temperature": 17,
            "distance_metre": 676.6974280307188
        },
        "animal_coords_2": {
            "x": 39.64963127839522,
            "y": 27.890212855856113,
            "name": "Hayvan2",
            "temperature": 19,
            "distance_metre": 644.9251998208723
        },
        "animal_coords_3": {
            "x": 39.644323048276334,
            "y": 27.891714892904446,
            "name": "Hayvan3",
            "temperature": 21,
            "distance_metre": 763.7572324464986
        }
    },
    "camera_coords": [
        [
            39.64924657629472,
            27.878275238036473
        ],
        [
            39.65324632866681,
            27.878275238036473
        ],
        [
            39.65324632866681,
            27.8732752380366
        ],
        [
            39.64924657629472,
            27.8732752380366
        ],
        [
            39.64924657629472,
            27.878275238036473
        ]
    ]
}