{"center_x": 39.647097648986275, "center_y": 27.889278587340833, "animal_coords": {"animal_coords_1": {"x": 39.64638003619356, "y": 27.88750203704829, "name": "Hayvan1", "temperature": 17, "distance_metre": 171.76662161748257}, "animal_coords_2": {"x": 39.64850331386452, "y": 27.88750203704829, "name": "Hayvan2", "temperature": 19, "distance_metre": 218.09722989698852}, "animal_coords_3": {"x": 39.64760756411185, "y": 27.890205703735298, "name": "Hayvan3", "temperature": 21, "distance_metre": 97.54902529697667}, "animal_coords_4": {"x": 39.651953499904664, "y": 27.888703666686965, "name": "Hayvan4", "temperature": 23, "distance_metre": 542.1849372831706}, "animal_coords_5": {"x": 39.643858558597636, "y": 27.888660751342726, "name": "Hayvan5", "temperature": 25, "distance_metre": 364.0344821150387}}, "camera_coords": [[39.64549766059372, 27.89127858734078], [39.64949763157511, 27.89127858734078], [39.64949763157511, 27.886278587340907], [39.64549766059372, 27.886278587340907]]}